<?xml version="1.0" encoding="utf-8"?>
			<!-- This is an ATutor language pack - http://www.atutor.ca-->

			<!DOCTYPE language [
			   <!ELEMENT atutor-version (#PCDATA)>
			   <!ELEMENT code (#PCDATA)>
			   <!ELEMENT charset (#PCDATA)>
			   <!ELEMENT direction (#PCDATA)>
			   <!ELEMENT reg-exp (#PCDATA)>
			   <!ELEMENT native-name (#PCDATA)>
			   <!ELEMENT english-name (#PCDATA)>
			   <!ELEMENT status (#PCDATA)>

			   <!ATTLIST language code ID #REQUIRED>
			]><language code="bg">
			<atutor-version>1.5.5</atutor-version>
			<charset>windows-1251</charset>
			<direction>ltr</direction>
			<reg-exp>bg|bulgarian</reg-exp>
			<native-name>Bulgarian</native-name>
			<english-name>Bulgarian</english-name>
			<status>3</status>
		</language>