<?xml version="1.0" encoding="iso-8859-1"?>
			<!-- This is an ATutor language pack - http://www.atutor.ca-->

			<!DOCTYPE language [
			   <!ELEMENT atutor-version (#PCDATA)>
			   <!ELEMENT code (#PCDATA)>
			   <!ELEMENT charset (#PCDATA)>
			   <!ELEMENT direction (#PCDATA)>
			   <!ELEMENT reg-exp (#PCDATA)>
			   <!ELEMENT native-name (#PCDATA)>
			   <!ELEMENT english-name (#PCDATA)>
			   <!ELEMENT status (#PCDATA)>

			   <!ATTLIST language code ID #REQUIRED>
			]><language code="nl">
			<atutor-version>1.5.5</atutor-version>
			<charset>iso-8859-1</charset>
			<direction>ltr</direction>
			<reg-exp>nl|dutch</reg-exp>
			<native-name>Nederlands</native-name>
			<english-name>Dutch</english-name>
			<status>3</status>
		</language>